Ref,Val,Package,PosX,PosY,Rot,Side
"CN1","USB_AF-90","USB_A_Molex_67643_Horizontal",12.980000,32.075000,-90.000000,top
"D1","PMEG6010CEGW","D_SOD-123LF-HandSoldering",10.477500,6.032500,90.000000,top
"J1","USB-C_PWRonly","MOLEX-2171750001",2.540000,6.032500,-90.000000,top
"LED2","LED_RGB_CommonAnode","LED_D5.0mm-4_RGB",6.350000,15.875000,180.000000,top
"R1","390","R_1206_3216Metric_Pad1.30x1.75mm_HandSolder",14.922500,19.050000,0.000000,top
"R2","68","R_1206_3216Metric_Pad1.30x1.75mm_HandSolder",14.922500,11.430000,0.000000,top
"R3","150","R_1206_3216Metric_Pad1.30x1.75mm_HandSolder",14.922500,15.240000,0.000000,top
"R4","4k7","R_1206_3216Metric_Pad1.30x1.75mm_HandSolder",19.367500,28.575000,90.000000,top
"U1","WeMos_D1_mini","WEMOS_D1_mini_light",25.400000,27.940000,0.000000,top
