<?xml version="1.0" encoding="UTF-8"?>
<export version="E">
  <design>
    <source>C:\Users\jvi\Documents\Seminar\FED\MakerFair\Paul_TemperatUHR\Paul_TemperatUHR.kicad_sch</source>
    <date>13.06.2022 22:01:30</date>
    <tool>Eeschema (6.0.5)</tool>
    <sheet number="1" name="/" tstamps="/">
      <title_block>
        <title/>
        <company/>
        <rev/>
        <date/>
        <source>Paul_TemperatUHR.kicad_sch</source>
        <comment number="1" value=""/>
        <comment number="2" value=""/>
        <comment number="3" value=""/>
        <comment number="4" value=""/>
        <comment number="5" value=""/>
        <comment number="6" value=""/>
        <comment number="7" value=""/>
        <comment number="8" value=""/>
        <comment number="9" value=""/>
      </title_block>
    </sheet>
  </design>
  <components>
    <comp ref="CN1">
      <value>USB_AF-90</value>
      <footprint>Connector_USB:USB_A_Molex_67643_Horizontal</footprint>
      <datasheet> ~</datasheet>
      <fields>
        <field name="#Manufacturer">Molex</field>
        <field name="Manufacturer_Part">0676432911</field>
      </fields>
      <libsource lib="Connector" part="USB_A" description="USB Type A connector"/>
      <property name="#Manufacturer" value="Molex"/>
      <property name="Manufacturer_Part" value="0676432911"/>
      <property name="Sheetname" value=""/>
      <property name="Sheetfile" value="Paul_TemperatUHR.kicad_sch"/>
      <sheetpath names="/" tstamps="/"/>
      <tstamps>bdc503d1-3181-46da-af9e-d835f4b4f4c7</tstamps>
    </comp>
    <comp ref="D1">
      <value>MBR140T3G</value>
      <footprint>Diode_SMD:D_SMB</footprint>
      <datasheet>https://www.onsemi.com/pdf/datasheet/mbrs140t3-d.pdf</datasheet>
      <libsource lib="Paul_TemperatUHR" part="MBR140T3G" description="40V 0.5A Schottky Power Rectifier Diode, SOD-123"/>
      <property name="Sheetname" value=""/>
      <property name="Sheetfile" value="Paul_TemperatUHR.kicad_sch"/>
      <sheetpath names="/" tstamps="/"/>
      <tstamps>9d4f235f-60af-41c7-98fe-6c39fcbb59ff</tstamps>
    </comp>
    <comp ref="J1">
      <value>USB-C_PWRonly_Molex-2171750001</value>
      <footprint>MOLEX_2171750001</footprint>
      <fields>
        <field name="MANUFACTURER">Molex</field>
        <field name="MAXIMUM_PACKAGE_HEIGHT">3.16mm</field>
        <field name="PARTREV">A1</field>
        <field name="STANDARD">Manufacturer Recommendations</field>
      </fields>
      <libsource lib="USB-C_PWR-only_Molex-2171750001" part="USB-C_PWRonly_Molex-2171750001" description=""/>
      <property name="STANDARD" value="Manufacturer Recommendations"/>
      <property name="MAXIMUM_PACKAGE_HEIGHT" value="3.16mm"/>
      <property name="MANUFACTURER" value="Molex"/>
      <property name="PARTREV" value="A1"/>
      <property name="Sheetname" value=""/>
      <property name="Sheetfile" value="Paul_TemperatUHR.kicad_sch"/>
      <sheetpath names="/" tstamps="/"/>
      <tstamps>858511c6-8ebf-4a03-9d66-653857b354ab</tstamps>
    </comp>
    <comp ref="LED2">
      <value>WP154A4SUREQBFZGC</value>
      <footprint>LED_THT:LED_D5.0mm-4_RGB</footprint>
      <libsource lib="Paul_TemperatUHR" part="WP154A4SUREQBFZGC" description="RGB LED, red/cathode/blue/green"/>
      <property name="Sheetname" value=""/>
      <property name="Sheetfile" value="Paul_TemperatUHR.kicad_sch"/>
      <sheetpath names="/" tstamps="/"/>
      <tstamps>5d289b56-8e3c-4543-95ff-2c7d9fc5df94</tstamps>
    </comp>
    <comp ref="R1">
      <value>68</value>
      <footprint>Resistor_THT:R_Axial_DIN0207_L6.3mm_D2.5mm_P10.16mm_Horizontal</footprint>
      <libsource lib="Device" part="R" description="Resistor"/>
      <property name="Sheetname" value=""/>
      <property name="Sheetfile" value="Paul_TemperatUHR.kicad_sch"/>
      <sheetpath names="/" tstamps="/"/>
      <tstamps>bec017db-5df8-403a-9396-253a7d213dcf</tstamps>
    </comp>
    <comp ref="R2">
      <value>150</value>
      <footprint>Resistor_THT:R_Axial_DIN0207_L6.3mm_D2.5mm_P10.16mm_Horizontal</footprint>
      <libsource lib="Device" part="R" description="Resistor"/>
      <property name="Sheetname" value=""/>
      <property name="Sheetfile" value="Paul_TemperatUHR.kicad_sch"/>
      <sheetpath names="/" tstamps="/"/>
      <tstamps>aa7e9a26-eb37-4bc0-a84a-cfcd475ccea2</tstamps>
    </comp>
    <comp ref="R3">
      <value>390</value>
      <footprint>Resistor_THT:R_Axial_DIN0207_L6.3mm_D2.5mm_P10.16mm_Horizontal</footprint>
      <libsource lib="Device" part="R" description="Resistor"/>
      <property name="Sheetname" value=""/>
      <property name="Sheetfile" value="Paul_TemperatUHR.kicad_sch"/>
      <sheetpath names="/" tstamps="/"/>
      <tstamps>0493da21-1e7e-4e95-98fc-e75f9c43e19d</tstamps>
    </comp>
    <comp ref="R4">
      <value>4k7</value>
      <footprint>Resistor_THT:R_Axial_DIN0207_L6.3mm_D2.5mm_P10.16mm_Horizontal</footprint>
      <libsource lib="Device" part="R" description="Resistor"/>
      <property name="Sheetname" value=""/>
      <property name="Sheetfile" value="Paul_TemperatUHR.kicad_sch"/>
      <sheetpath names="/" tstamps="/"/>
      <tstamps>6b3f7c21-b174-4d33-bd76-f752c7e6e9b5</tstamps>
    </comp>
    <comp ref="U1">
      <value>WeMos_D1_mini</value>
      <footprint>Module:WEMOS_D1_mini_light</footprint>
      <datasheet>https://wiki.wemos.cc/products:d1:d1_mini#documentation</datasheet>
      <libsource lib="MCU_Module" part="WeMos_D1_mini" description="32-bit microcontroller module with WiFi"/>
      <property name="Sheetname" value=""/>
      <property name="Sheetfile" value="Paul_TemperatUHR.kicad_sch"/>
      <sheetpath names="/" tstamps="/"/>
      <tstamps>a2c48d34-6f3c-47a1-89da-e1031b9ff816</tstamps>
    </comp>
  </components>
  <libparts>
    <libpart lib="Connector" part="USB_A">
      <description>USB Type A connector</description>
      <docs> ~</docs>
      <footprints>
        <fp>USB*</fp>
      </footprints>
      <fields>
        <field name="Reference">J</field>
        <field name="Value">USB_A</field>
        <field name="Datasheet"> ~</field>
      </fields>
      <pins>
        <pin num="1" name="VBUS" type="power_in"/>
        <pin num="2" name="D-" type="bidirectional"/>
        <pin num="3" name="D+" type="bidirectional"/>
        <pin num="4" name="GND" type="power_in"/>
        <pin num="5" name="Shield" type="passive"/>
      </pins>
    </libpart>
    <libpart lib="Device" part="R">
      <description>Resistor</description>
      <docs>~</docs>
      <footprints>
        <fp>R_*</fp>
      </footprints>
      <fields>
        <field name="Reference">R</field>
        <field name="Value">R</field>
        <field name="Datasheet">~</field>
      </fields>
      <pins>
        <pin num="1" name="" type="passive"/>
        <pin num="2" name="" type="passive"/>
      </pins>
    </libpart>
    <libpart lib="MCU_Module" part="WeMos_D1_mini">
      <description>32-bit microcontroller module with WiFi</description>
      <docs>https://wiki.wemos.cc/products:d1:d1_mini#documentation</docs>
      <footprints>
        <fp>WEMOS*D1*mini*</fp>
      </footprints>
      <fields>
        <field name="Reference">U</field>
        <field name="Value">WeMos_D1_mini</field>
        <field name="Footprint">Module:WEMOS_D1_mini_light</field>
        <field name="Datasheet">https://wiki.wemos.cc/products:d1:d1_mini#documentation</field>
      </fields>
      <pins>
        <pin num="1" name="~{RST}" type="input"/>
        <pin num="2" name="A0" type="input"/>
        <pin num="3" name="D0" type="bidirectional"/>
        <pin num="4" name="SCK/D5" type="bidirectional"/>
        <pin num="5" name="MISO/D6" type="bidirectional"/>
        <pin num="6" name="MOSI/D7" type="bidirectional"/>
        <pin num="7" name="CS/D8" type="bidirectional"/>
        <pin num="8" name="3V3" type="power_out"/>
        <pin num="9" name="5V" type="power_in"/>
        <pin num="10" name="GND" type="power_in"/>
        <pin num="11" name="D4" type="bidirectional"/>
        <pin num="12" name="D3" type="bidirectional"/>
        <pin num="13" name="SDA/D2" type="bidirectional"/>
        <pin num="14" name="SCL/D1" type="bidirectional"/>
        <pin num="15" name="RX" type="input"/>
        <pin num="16" name="TX" type="output"/>
      </pins>
    </libpart>
    <libpart lib="Paul_TemperatUHR" part="MBR140T3G">
      <description>40V 0.5A Schottky Power Rectifier Diode, SOD-123</description>
      <docs>https://www.onsemi.com/pdf/datasheet/mbrs140t3-d.pdf</docs>
      <footprints>
        <fp>D*SOD?123*</fp>
      </footprints>
      <fields>
        <field name="Reference">D</field>
        <field name="Value">MBR140T3G</field>
        <field name="Footprint">Diode_SMD:D_SMB</field>
        <field name="Datasheet">https://www.onsemi.com/pdf/datasheet/mbrs140t3-d.pdf</field>
      </fields>
      <pins>
        <pin num="1" name="K" type="passive"/>
        <pin num="2" name="A" type="passive"/>
      </pins>
    </libpart>
    <libpart lib="Paul_TemperatUHR" part="WP154A4SUREQBFZGC">
      <description>RGB LED, red/cathode/blue/green</description>
      <docs>~</docs>
      <footprints>
        <fp>LED*</fp>
        <fp>LED_SMD:*</fp>
        <fp>LED_THT:*</fp>
      </footprints>
      <fields>
        <field name="Reference">D?</field>
        <field name="Value">WP154A4SUREQBFZGC</field>
        <field name="Footprint">LED_THT:LED_D5.0mm-4_RGB</field>
        <field name="Datasheet">~</field>
      </fields>
      <pins>
        <pin num="1" name="RA" type="passive"/>
        <pin num="2" name="K" type="passive"/>
        <pin num="3" name="BA" type="passive"/>
        <pin num="4" name="GA" type="passive"/>
      </pins>
    </libpart>
    <libpart lib="USB-C_PWR-only_Molex-2171750001" part="USB-C_PWRonly_Molex-2171750001">
      <fields>
        <field name="Reference">J</field>
        <field name="Value">USB-C_PWRonly_Molex-2171750001</field>
        <field name="Footprint">MOLEX_2171750001</field>
        <field name="STANDARD">Manufacturer Recommendations</field>
        <field name="MAXIMUM_PACKAGE_HEIGHT">3.16mm</field>
        <field name="MANUFACTURER">Molex</field>
        <field name="PARTREV">A1</field>
      </fields>
      <pins>
        <pin num="A5" name="CC1" type="bidirectional"/>
        <pin num="A9" name="VBUS" type="power_in"/>
        <pin num="A12" name="GND" type="power_in"/>
        <pin num="B5" name="CC2" type="bidirectional"/>
        <pin num="B9" name="VBUS" type="power_in"/>
        <pin num="B12" name="GND" type="power_in"/>
        <pin num="S1" name="SHIELD" type="passive"/>
        <pin num="S2" name="SHIELD" type="passive"/>
        <pin num="S3" name="SHIELD" type="passive"/>
        <pin num="S4" name="SHIELD" type="passive"/>
      </pins>
    </libpart>
  </libparts>
  <libraries>
    <library logical="Connector">
      <uri>C:\Program Files\KiCad\6.0\share\kicad\symbols\/Connector.kicad_sym</uri>
    </library>
    <library logical="Device">
      <uri>C:\Program Files\KiCad\6.0\share\kicad\symbols\/Device.kicad_sym</uri>
    </library>
    <library logical="MCU_Module">
      <uri>C:\Program Files\KiCad\6.0\share\kicad\symbols\/MCU_Module.kicad_sym</uri>
    </library>
    <library logical="Paul_TemperatUHR">
      <uri>C:\Users\jvi\Documents\Seminar\FED\MakerFair\Paul_TemperatUHR/Paul_TemperatUHR.kicad_sym</uri>
    </library>
    <library logical="USB-C_PWR-only_Molex-2171750001">
      <uri>C:/Users/jvi/Documents/Seminar/FED/MakerFair/Paul_TemperatUHR/USB-C_PWR-only_Molex-2171750001.kicad_sym</uri>
    </library>
  </libraries>
  <nets>
    <net code="1" name="/3V3">
      <node ref="LED2" pin="2" pinfunction="K" pintype="passive"/>
      <node ref="U1" pin="8" pinfunction="3V3" pintype="power_out"/>
    </net>
    <net code="2" name="/BLUE">
      <node ref="R1" pin="2" pintype="passive"/>
      <node ref="U1" pin="7" pinfunction="CS/D8" pintype="bidirectional"/>
    </net>
    <net code="3" name="/GREEN">
      <node ref="R2" pin="2" pintype="passive"/>
      <node ref="U1" pin="6" pinfunction="MOSI/D7" pintype="bidirectional"/>
    </net>
    <net code="4" name="/RED">
      <node ref="R3" pin="2" pintype="passive"/>
      <node ref="U1" pin="5" pinfunction="MISO/D6" pintype="bidirectional"/>
    </net>
    <net code="5" name="/V_IN">
      <node ref="D1" pin="1" pinfunction="K" pintype="passive"/>
      <node ref="J1" pin="A9" pinfunction="VBUS" pintype="power_in"/>
      <node ref="J1" pin="B9" pinfunction="VBUS" pintype="power_in"/>
    </net>
    <net code="6" name="Earth_Protective">
      <node ref="CN1" pin="5" pinfunction="Shield" pintype="passive"/>
      <node ref="J1" pin="S1" pinfunction="SHIELD" pintype="passive"/>
      <node ref="J1" pin="S2" pinfunction="SHIELD" pintype="passive"/>
      <node ref="J1" pin="S3" pinfunction="SHIELD" pintype="passive"/>
      <node ref="J1" pin="S4" pinfunction="SHIELD" pintype="passive"/>
    </net>
    <net code="7" name="GND">
      <node ref="CN1" pin="4" pinfunction="GND" pintype="power_in"/>
      <node ref="D1" pin="2" pinfunction="A" pintype="passive"/>
      <node ref="J1" pin="A12" pinfunction="GND" pintype="power_in"/>
      <node ref="J1" pin="B12" pinfunction="GND" pintype="power_in"/>
      <node ref="U1" pin="10" pinfunction="GND" pintype="power_in"/>
    </net>
    <net code="8" name="Net-(CN1-Pad2)">
      <node ref="CN1" pin="2" pinfunction="D-" pintype="bidirectional"/>
      <node ref="R4" pin="2" pintype="passive"/>
      <node ref="U1" pin="9" pinfunction="5V" pintype="power_in"/>
    </net>
    <net code="9" name="Net-(CN1-Pad3)">
      <node ref="CN1" pin="3" pinfunction="D+" pintype="bidirectional"/>
      <node ref="R4" pin="1" pintype="passive"/>
      <node ref="U1" pin="4" pinfunction="SCK/D5" pintype="bidirectional"/>
    </net>
    <net code="10" name="Net-(LED2-Pad1)">
      <node ref="LED2" pin="1" pinfunction="RA" pintype="passive"/>
      <node ref="R3" pin="1" pintype="passive"/>
    </net>
    <net code="11" name="Net-(LED2-Pad3)">
      <node ref="LED2" pin="3" pinfunction="BA" pintype="passive"/>
      <node ref="R1" pin="1" pintype="passive"/>
    </net>
    <net code="12" name="Net-(LED2-Pad4)">
      <node ref="LED2" pin="4" pinfunction="GA" pintype="passive"/>
      <node ref="R2" pin="1" pintype="passive"/>
    </net>
    <net code="13" name="unconnected-(CN1-Pad1)">
      <node ref="CN1" pin="1" pinfunction="VBUS" pintype="power_in"/>
    </net>
    <net code="14" name="unconnected-(J1-PadA5)">
      <node ref="J1" pin="A5" pinfunction="CC1" pintype="bidirectional"/>
    </net>
    <net code="15" name="unconnected-(J1-PadB5)">
      <node ref="J1" pin="B5" pinfunction="CC2" pintype="bidirectional"/>
    </net>
    <net code="16" name="unconnected-(U1-Pad1)">
      <node ref="U1" pin="1" pinfunction="~{RST}" pintype="input"/>
    </net>
    <net code="17" name="unconnected-(U1-Pad2)">
      <node ref="U1" pin="2" pinfunction="A0" pintype="input"/>
    </net>
    <net code="18" name="unconnected-(U1-Pad3)">
      <node ref="U1" pin="3" pinfunction="D0" pintype="bidirectional"/>
    </net>
    <net code="19" name="unconnected-(U1-Pad11)">
      <node ref="U1" pin="11" pinfunction="D4" pintype="bidirectional"/>
    </net>
    <net code="20" name="unconnected-(U1-Pad12)">
      <node ref="U1" pin="12" pinfunction="D3" pintype="bidirectional"/>
    </net>
    <net code="21" name="unconnected-(U1-Pad13)">
      <node ref="U1" pin="13" pinfunction="SDA/D2" pintype="bidirectional"/>
    </net>
    <net code="22" name="unconnected-(U1-Pad14)">
      <node ref="U1" pin="14" pinfunction="SCL/D1" pintype="bidirectional"/>
    </net>
    <net code="23" name="unconnected-(U1-Pad15)">
      <node ref="U1" pin="15" pinfunction="RX" pintype="input"/>
    </net>
    <net code="24" name="unconnected-(U1-Pad16)">
      <node ref="U1" pin="16" pinfunction="TX" pintype="output"/>
    </net>
  </nets>
</export>
